"source";"destination";"code_http";"statut";"justification"
"/artisan-bruxelles.html";"/construction/bruxelles/";"301";"implémentée";"correspondance directe"
"/artisan-liege.html";"/construction/liege/";"301";"implémentée";"correspondance directe"
"/artisan-charleroi.html";"/construction/charleroi/";"301";"implémentée";"correspondance directe"
"/artisan-namur.html";"/construction/namur/";"301";"implémentée";"correspondance directe"
"/artisan-mons.html";"/construction/mons/";"301";"implémentée";"correspondance directe"
"/plombier-bruxelles.html";"";"";"conservée après recette";"1 profil local plausible et 0 demande validée; redirection annulée"
"/electricien-bruxelles.html";"";"";"conservée après recette";"2 profils locaux plausibles et 0 demande validée; redirection annulée"
"/chauffagiste-liege.html";"";"";"conservée après recette";"0 profil local plausible et 0 demande validée; redirection annulée"
"/isolation-maison-wallonie.html";"";"";"conservée";"pas de page régionale équivalente dans ce lot"
"/renovation-salle-de-bain-bruxelles.html";"";"";"conservée";"intention multi-métiers; cible unique à valider"
"/artisan-brabant-wallon.html";"";"";"conservée";"pas de page province dans ce lot"
