"URL A","URL B","famille comparée","score de similarité","niveau"
"/construction/plombier/bruxelles/","/construction/electricien/bruxelles/","combinaison vs combinaison","88.37","critique"
"/construction/architecte/","/construction/pisciniste/","métier vs métier","80.88","élevé"
"/construction/mons/","/construction/bruges/","ville vs ville","80.29","élevé"
"/construction/mons/","/construction/malines/","ville vs ville","80.24","élevé"
"/construction/chauffagiste/","/construction/pisciniste/","métier vs métier","80.21","élevé"
"/construction/plafonneur/","/construction/architecte/","métier vs métier","80.06","élevé"
"/construction/plombier/","/construction/pisciniste/","métier vs métier","79.88","élevé"
"/construction/liege/","/construction/mons/","ville vs ville","79.87","élevé"
"/construction/bruges/","/construction/malines/","ville vs ville","79.86","élevé"
"/construction/mons/","/construction/namur/","ville vs ville","79.76","élevé"
"/construction/plafonneur/","/construction/pisciniste/","métier vs métier","79.66","élevé"
"/construction/charleroi/","/construction/mons/","ville vs ville","79.56","élevé"
"/construction/liege/","/construction/malines/","ville vs ville","79.39","élevé"
"/construction/namur/","/construction/bruges/","ville vs ville","79.39","élevé"
"/construction/electricien/","/construction/pisciniste/","métier vs métier","79.35","élevé"
"/construction/carreleur/","/construction/pisciniste/","métier vs métier","79.09","élevé"
"/construction/terrassier/","/construction/architecte/","métier vs métier","79.04","élevé"
"/construction/charleroi/","/construction/gand/","ville vs ville","78.84","élevé"
"/construction/plombier/","/construction/electricien/","métier vs métier","78.77","élevé"
"/construction/carreleur/","/construction/architecte/","métier vs métier","78.75","élevé"
"/construction/gand/","/construction/mons/","ville vs ville","78.72","élevé"
"/construction/plombier/","/construction/couvreur/","métier vs métier","78.71","élevé"
"/construction/chauffagiste/","/construction/architecte/","métier vs métier","78.67","élevé"
"/construction/gand/","/construction/bruges/","ville vs ville","78.67","élevé"
"/construction/bruxelles/","/construction/malines/","ville vs ville","78.63","élevé"
"/construction/liege/","/construction/namur/","ville vs ville","78.55","élevé"
"/construction/gand/","/construction/malines/","ville vs ville","78.52","élevé"
"/construction/terrassier/","/construction/pisciniste/","métier vs métier","78.52","élevé"
"/construction/charleroi/","/construction/liege/","ville vs ville","78.49","élevé"
"/construction/charleroi/","/construction/namur/","ville vs ville","78.49","élevé"
"/construction/macon/","/construction/pisciniste/","métier vs métier","78.47","élevé"
"/construction/bruxelles/","/construction/mons/","ville vs ville","78.41","élevé"
"/construction/liege/","/construction/bruges/","ville vs ville","78.41","élevé"
"/construction/gand/","/construction/liege/","ville vs ville","78.38","élevé"
"/construction/namur/","/construction/malines/","ville vs ville","78.36","élevé"
"/construction/serrurier-metallier/","/construction/architecte/","métier vs métier","78.22","élevé"
"/construction/charleroi/","/construction/malines/","ville vs ville","78.17","élevé"
"/construction/macon/","/construction/architecte/","métier vs métier","78.14","élevé"
"/construction/menuisier/","/construction/architecte/","métier vs métier","78.12","élevé"
"/construction/bruxelles/","/construction/namur/","ville vs ville","78.10","élevé"
"/construction/menuisier/","/construction/pisciniste/","métier vs métier","78.10","élevé"
"/construction/gand/","/construction/namur/","ville vs ville","78.06","élevé"
"/construction/menuisier/","/construction/serrurier-metallier/","métier vs métier","78.05","élevé"
"/construction/electricien/","/construction/architecte/","métier vs métier","77.91","élevé"
"/construction/couvreur/","/construction/pisciniste/","métier vs métier","77.90","élevé"
"/construction/installateur-photovoltaique/","/construction/pisciniste/","métier vs métier","77.82","élevé"
"/construction/etancheite/","/construction/pisciniste/","métier vs métier","77.80","élevé"
"/construction/plombier/","/construction/chauffagiste/","métier vs métier","77.80","élevé"
"/construction/bruxelles/","/construction/charleroi/","ville vs ville","77.71","élevé"
"/construction/plombier/","/construction/architecte/","métier vs métier","77.66","élevé"
"/construction/serrurier-metallier/","/construction/pisciniste/","métier vs métier","77.65","élevé"
"/construction/plafonneur/","/construction/serrurier-metallier/","métier vs métier","77.64","élevé"
"/construction/charleroi/","/construction/bruges/","ville vs ville","77.61","élevé"
"/construction/macon/","/construction/plafonneur/","métier vs métier","77.47","élevé"
"/construction/carreleur/","/construction/plafonneur/","métier vs métier","77.46","élevé"
"/construction/mons/","/construction/louvain/","ville vs ville","77.46","élevé"
"/construction/chauffagiste/","/construction/electricien/","métier vs métier","77.35","élevé"
"/construction/peintre/","/construction/pisciniste/","métier vs métier","77.32","élevé"
"/construction/peintre/","/construction/architecte/","métier vs métier","77.29","élevé"
"/construction/carreleur/","/construction/macon/","métier vs métier","77.28","élevé"
"/construction/plombier/","/construction/carreleur/","métier vs métier","77.27","élevé"
"/construction/gand/","/construction/louvain/","ville vs ville","77.25","élevé"
"/construction/carreleur/","/construction/menuisier/","métier vs métier","77.23","élevé"
"/construction/anvers/","/construction/namur/","ville vs ville","77.21","élevé"
"/construction/carreleur/","/construction/chauffagiste/","métier vs métier","77.20","élevé"
"/construction/chauffagiste/","/construction/plafonneur/","métier vs métier","77.18","élevé"
"/construction/charleroi/","/construction/louvain/","ville vs ville","77.14","élevé"
"/construction/plafonneur/","/construction/menuisier/","métier vs métier","77.14","élevé"
"/construction/plafonneur/","/construction/peintre/","métier vs métier","77.14","élevé"
"/construction/namur/","/construction/louvain/","ville vs ville","77.13","élevé"
"/construction/bruxelles/","/construction/bruges/","ville vs ville","77.10","élevé"
"/construction/etancheite/","/construction/architecte/","métier vs métier","77.01","élevé"
"/construction/carreleur/","/construction/electricien/","métier vs métier","76.97","élevé"
"/construction/louvain/","/construction/malines/","ville vs ville","76.95","élevé"
"/construction/terrassier/","/construction/plafonneur/","métier vs métier","76.95","élevé"
"/construction/anvers/","/construction/malines/","ville vs ville","76.86","élevé"
"/construction/macon/","/construction/terrassier/","métier vs métier","76.83","élevé"
"/construction/bruges/","/construction/louvain/","ville vs ville","76.81","élevé"
"/construction/anvers/","/construction/bruges/","ville vs ville","76.79","élevé"
"/construction/plafonneur/","/construction/etancheite/","métier vs métier","76.68","élevé"
"/construction/carreleur/","/construction/terrassier/","métier vs métier","76.64","élevé"
"/construction/bruxelles/","/construction/liege/","ville vs ville","76.58","élevé"
"/construction/anvers/","/construction/gand/","ville vs ville","76.57","élevé"
"/construction/electricien/","/construction/plafonneur/","métier vs métier","76.55","élevé"
"/construction/bruxelles/","/construction/gand/","ville vs ville","76.54","élevé"
"/construction/terrassier/","/construction/electricien/","métier vs métier","76.49","élevé"
"/construction/installateur-photovoltaique/","/construction/architecte/","métier vs métier","76.45","élevé"
"/construction/macon/","/construction/menuisier/","métier vs métier","76.45","élevé"
"/construction/liege/","/construction/louvain/","ville vs ville","76.43","élevé"
"/construction/anvers/","/construction/louvain/","ville vs ville","76.37","élevé"
"/construction/anvers/","/construction/mons/","ville vs ville","76.37","élevé"
"/construction/terrassier/","/construction/chauffagiste/","métier vs métier","76.32","élevé"
"/construction/macon/","/construction/chauffagiste/","métier vs métier","76.30","élevé"
"/construction/carreleur/","/construction/serrurier-metallier/","métier vs métier","76.29","élevé"
"/construction/couvreur/","/construction/architecte/","métier vs métier","76.26","élevé"
"/construction/electricien/","/construction/menuisier/","métier vs métier","76.21","élevé"
"/construction/carreleur/","/construction/installateur-photovoltaique/","métier vs métier","76.11","élevé"
"/construction/couvreur/","/construction/electricien/","métier vs métier","76.11","élevé"
"/construction/terrassier/","/construction/serrurier-metallier/","métier vs métier","76.11","élevé"
"/construction/chauffagiste/","/construction/menuisier/","métier vs métier","76.08","élevé"
"/construction/installateur-photovoltaique/","/construction/electricien/","métier vs métier","76.03","élevé"
"/construction/plombier/","/construction/plafonneur/","métier vs métier","75.96","élevé"
"/construction/macon/","/construction/electricien/","métier vs métier","75.92","élevé"
"/construction/installateur-photovoltaique/","/construction/chauffagiste/","métier vs métier","75.91","élevé"
"/construction/terrassier/","/construction/menuisier/","métier vs métier","75.80","élevé"
"/construction/carreleur/","/construction/etancheite/","métier vs métier","75.79","élevé"
"/construction/anvers/","/construction/liege/","ville vs ville","75.66","élevé"
"/construction/plombier/","/construction/menuisier/","métier vs métier","75.66","élevé"
"/construction/bruxelles/","/construction/louvain/","ville vs ville","75.65","élevé"
"/construction/carreleur/","/construction/couvreur/","métier vs métier","75.64","élevé"
"/construction/menuisier/","/construction/etancheite/","métier vs métier","75.63","élevé"
"/construction/plombier/","/construction/macon/","métier vs métier","75.63","élevé"
"/construction/anvers/","/construction/charleroi/","ville vs ville","75.60","élevé"
"/construction/carreleur/","/construction/peintre/","métier vs métier","75.58","élevé"
"/construction/macon/","/construction/serrurier-metallier/","métier vs métier","75.57","élevé"
"/construction/plombier/","/construction/terrassier/","métier vs métier","75.50","élevé"
"/construction/installateur-photovoltaique/","/construction/menuisier/","métier vs métier","75.47","élevé"
"/construction/plombier/","/construction/installateur-photovoltaique/","métier vs métier","75.41","élevé"
"/construction/chauffagiste/","/construction/peintre/","métier vs métier","75.38","élevé"
"/construction/couvreur/","/construction/chauffagiste/","métier vs métier","75.38","élevé"
"/construction/electricien/","/construction/etancheite/","métier vs métier","75.38","élevé"
"/construction/plombier/bruxelles/","/construction/chauffagiste/liege/","combinaison vs combinaison","75.38","élevé"
"/construction/macon/","/construction/etancheite/","métier vs métier","75.35","élevé"
"/construction/electricien/bruxelles/","/construction/chauffagiste/liege/","combinaison vs combinaison","75.33","élevé"
"/construction/anvers/","/construction/bruxelles/","ville vs ville","75.32","élevé"
"/construction/serrurier-metallier/","/construction/etancheite/","métier vs métier","75.31","élevé"
"/construction/terrassier/","/construction/peintre/","métier vs métier","75.22","élevé"
"/construction/plombier/","/construction/peintre/","métier vs métier","75.18","élevé"
"/construction/macon/","/construction/peintre/","métier vs métier","75.15","élevé"
"/construction/chauffagiste/","/construction/serrurier-metallier/","métier vs métier","75.11","élevé"
"/construction/chauffagiste/","/construction/etancheite/","métier vs métier","75.04","élevé"
"/construction/electricien/","/construction/peintre/","métier vs métier","75.04","élevé"
"/construction/installateur-photovoltaique/","/construction/plafonneur/","métier vs métier","75.01","élevé"
"/construction/menuisier/","/construction/peintre/","métier vs métier","74.98","élevé"
"/construction/electricien/","/construction/serrurier-metallier/","métier vs métier","74.89","élevé"
"/construction/architecte/","/construction/ingenieur-civil/","métier vs métier","74.83","élevé"
"/construction/macon/","/construction/installateur-photovoltaique/","métier vs métier","74.77","élevé"
"/construction/plombier/","/construction/etancheite/","métier vs métier","74.73","élevé"
"/construction/terrassier/","/construction/etancheite/","métier vs métier","74.66","élevé"
"/construction/couvreur/","/construction/plafonneur/","métier vs métier","74.64","élevé"
"/construction/plombier/","/construction/serrurier-metallier/","métier vs métier","74.64","élevé"
"/construction/couvreur/","/construction/isolation/","métier vs métier","74.51","élevé"
"/construction/couvreur/","/construction/menuisier/","métier vs métier","74.37","élevé"
"/construction/ventilation-climatisation/","/construction/pisciniste/","métier vs métier","74.34","élevé"
"/construction/couvreur/","/construction/installateur-photovoltaique/","métier vs métier","74.31","élevé"
"/construction/ingenieur-civil/","/construction/pisciniste/","métier vs métier","74.29","élevé"
"/construction/macon/","/construction/couvreur/","métier vs métier","74.27","élevé"
"/construction/revetements-de-sols/","/construction/revetements-muraux/","métier vs métier","74.12","élevé"
"/construction/terrassier/","/construction/installateur-photovoltaique/","métier vs métier","74.12","élevé"
"/construction/couvreur/","/construction/terrassier/","métier vs métier","74.10","élevé"
"/construction/securite-incendie/","/construction/pisciniste/","métier vs métier","74.08","élevé"
"/construction/installateur-photovoltaique/","/construction/serrurier-metallier/","métier vs métier","74.04","élevé"
"/construction/revetements-muraux/","/construction/pisciniste/","métier vs métier","73.95","élevé"
"/construction/peintre/","/construction/etancheite/","métier vs métier","73.93","élevé"
"/construction/couvreur/","/construction/etancheite/","métier vs métier","73.91","élevé"
"/construction/installateur-photovoltaique/","/construction/etancheite/","métier vs métier","73.82","élevé"
"/construction/couvreur/","/construction/peintre/","métier vs métier","73.81","élevé"
"/construction/serrurier-metallier/","/construction/peintre/","métier vs métier","73.77","élevé"
"/construction/revetements-muraux/","/construction/architecte/","métier vs métier","73.73","élevé"
"/construction/couvreur/","/construction/serrurier-metallier/","métier vs métier","73.54","élevé"
"/construction/isolation/","/construction/pisciniste/","métier vs métier","73.52","élevé"
"/construction/securite-incendie/","/construction/architecte/","métier vs métier","73.46","élevé"
"/construction/carreleur/","/construction/isolation/","métier vs métier","73.45","élevé"
"/construction/installateur-photovoltaique/","/construction/peintre/","métier vs métier","73.26","élevé"
"/construction/terrassier/","/construction/revetements-muraux/","métier vs métier","73.18","élevé"
"/construction/plafonneur/","/construction/ingenieur-civil/","métier vs métier","73.10","élevé"
"/construction/carreleur/","/construction/revetements-de-sols/","métier vs métier","73.09","élevé"
"/construction/ventilation-climatisation/","/construction/architecte/","métier vs métier","73.09","élevé"
"/construction/isolation/","/construction/architecte/","métier vs métier","72.97","élevé"
"/construction/ravalement-facade/","/construction/pisciniste/","métier vs métier","72.97","élevé"
"/construction/plafonneur/","/construction/isolation/","métier vs métier","72.96","élevé"
"/construction/carreleur/","/construction/ingenieur-civil/","métier vs métier","72.95","élevé"
"/construction/chauffagiste/","/construction/ventilation-climatisation/","métier vs métier","72.91","élevé"
"/construction/auditeur-logement/","/construction/pisciniste/","métier vs métier","72.60","élevé"
"/construction/carreleur/","/construction/revetements-muraux/","métier vs métier","72.58","élevé"
"/construction/menuisier/","/construction/ingenieur-civil/","métier vs métier","72.55","élevé"
"/construction/plafonneur/","/construction/revetements-muraux/","métier vs métier","72.51","élevé"
"/construction/auditeur-logement/","/construction/architecte/","métier vs métier","72.49","élevé"
"/construction/chauffagiste/","/construction/ingenieur-civil/","métier vs métier","72.48","élevé"
"/construction/isolation/","/construction/etancheite/","métier vs métier","72.47","élevé"
"/construction/carreleur/","/construction/securite-incendie/","métier vs métier","72.45","élevé"
"/construction/chauffagiste/","/construction/revetements-muraux/","métier vs métier","72.39","élevé"
"/construction/chauffagiste/","/construction/securite-incendie/","métier vs métier","72.38","élevé"
"/construction/installateur-photovoltaique/","/construction/ingenieur-civil/","métier vs métier","72.34","élevé"
"/construction/peintre/","/construction/ravalement-facade/","métier vs métier","72.32","élevé"
"/construction/menuisier/","/construction/securite-incendie/","métier vs métier","72.29","élevé"
"/construction/ravalement-facade/","/construction/architecte/","métier vs métier","72.29","élevé"
"/construction/electricien/","/construction/ingenieur-civil/","métier vs métier","72.28","élevé"
"/construction/plafonneur/","/construction/securite-incendie/","métier vs métier","72.26","élevé"
"/construction/macon/","/construction/ingenieur-civil/","métier vs métier","72.19","élevé"
"/construction/carreleur/","/construction/ventilation-climatisation/","métier vs métier","72.17","élevé"
"/construction/revetements-de-sols/","/construction/pisciniste/","métier vs métier","72.14","élevé"
"/construction/electricien/","/construction/securite-incendie/","métier vs métier","72.06","élevé"
"/construction/chauffagiste/","/construction/ravalement-facade/","métier vs métier","72.03","élevé"
"/construction/electricien/","/construction/revetements-muraux/","métier vs métier","71.95","élevé"
"/construction/plombier/","/construction/ravalement-facade/","métier vs métier","71.95","élevé"
"/construction/plombier/","/construction/revetements-de-sols/","métier vs métier","71.95","élevé"
"/construction/ventilation-climatisation/","/construction/plafonneur/","métier vs métier","71.92","élevé"
"/construction/carreleur/","/construction/ravalement-facade/","métier vs métier","71.90","élevé"
"/construction/plombier/","/construction/ventilation-climatisation/","métier vs métier","71.87","élevé"
"/construction/macon/","/construction/revetements-muraux/","métier vs métier","71.85","élevé"
"/construction/installateur-photovoltaique/","/construction/ventilation-climatisation/","métier vs métier","71.84","élevé"
"/construction/terrassier/","/construction/ingenieur-civil/","métier vs métier","71.79","élevé"
"/construction/electricien/","/construction/ventilation-climatisation/","métier vs métier","71.77","élevé"
"/construction/macon/","/construction/isolation/","métier vs métier","71.75","élevé"
"/construction/couvreur/","/construction/ravalement-facade/","métier vs métier","71.73","élevé"
"/construction/plombier/","/construction/revetements-muraux/","métier vs métier","71.72","élevé"
"/construction/plombier/","/construction/ingenieur-civil/","métier vs métier","71.68","élevé"
"/construction/etancheite/","/construction/ingenieur-civil/","métier vs métier","71.63","élevé"
"/construction/macon/","/construction/securite-incendie/","métier vs métier","71.62","élevé"
"/construction/installateur-photovoltaique/","/construction/securite-incendie/","métier vs métier","71.57","élevé"
"/construction/serrurier-metallier/","/construction/ingenieur-civil/","métier vs métier","71.57","élevé"
"/construction/serrurier-metallier/","/construction/securite-incendie/","métier vs métier","71.57","élevé"
"/construction/couvreur/","/construction/ingenieur-civil/","métier vs métier","71.47","élevé"
"/construction/peintre/","/construction/ingenieur-civil/","métier vs métier","71.45","élevé"
"/construction/isolation/","/construction/menuisier/","métier vs métier","71.43","élevé"
"/construction/macon/","/construction/ventilation-climatisation/","métier vs métier","71.40","élevé"
"/construction/chauffagiste/","/construction/isolation/","métier vs métier","71.39","élevé"
"/construction/terrassier/","/construction/isolation/","métier vs métier","71.35","élevé"
"/construction/terrassier/","/construction/securite-incendie/","métier vs métier","71.27","élevé"
"/construction/terrassier/","/construction/ventilation-climatisation/","métier vs métier","71.27","élevé"
"/construction/ventilation-climatisation/","/construction/menuisier/","métier vs métier","71.12","élevé"
"/construction/menuisier/","/construction/revetements-muraux/","métier vs métier","71.11","élevé"
"/construction/carreleur/","/construction/auditeur-logement/","métier vs métier","71.09","élevé"
"/construction/plombier/","/construction/securite-incendie/","métier vs métier","71.06","élevé"
"/construction/electricien/","/construction/isolation/","métier vs métier","71.01","élevé"
"/construction/chauffagiste/","/construction/auditeur-logement/","métier vs métier","71.00","élevé"
"/construction/revetements-de-sols/","/construction/architecte/","métier vs métier","71.00","élevé"
"/construction/ravalement-facade/","/construction/etancheite/","métier vs métier","70.92","élevé"
"/construction/revetements-muraux/","/construction/peintre/","métier vs métier","70.92","élevé"
"/construction/couvreur/","/construction/revetements-muraux/","métier vs métier","70.89","élevé"
"/construction/peintre/","/construction/securite-incendie/","métier vs métier","70.89","élevé"
"/construction/isolation/","/construction/serrurier-metallier/","métier vs métier","70.88","élevé"
"/construction/plombier/","/construction/isolation/","métier vs métier","70.85","élevé"
"/construction/plombier/","/construction/auditeur-logement/","métier vs métier","70.84","élevé"
"/construction/serrurier-metallier/","/construction/revetements-muraux/","métier vs métier","70.78","élevé"
"/construction/installateur-photovoltaique/","/construction/isolation/","métier vs métier","70.74","élevé"
"/construction/terrassier/","/construction/ravalement-facade/","métier vs métier","70.71","élevé"
"/construction/couvreur/","/construction/revetements-de-sols/","métier vs métier","70.70","élevé"
"/construction/plafonneur/","/construction/ravalement-facade/","métier vs métier","70.63","élevé"
"/construction/chauffagiste/","/construction/revetements-de-sols/","métier vs métier","70.56","élevé"
"/construction/couvreur/","/construction/ventilation-climatisation/","métier vs métier","70.49","élevé"
"/construction/ventilation-climatisation/","/construction/serrurier-metallier/","métier vs métier","70.45","élevé"
"/construction/electricien/","/construction/ravalement-facade/","métier vs métier","70.39","élevé"
"/construction/electricien/","/construction/auditeur-logement/","métier vs métier","70.38","élevé"
"/construction/isolation/","/construction/peintre/","métier vs métier","70.35","élevé"
"/construction/etancheite/","/construction/securite-incendie/","métier vs métier","70.33","élevé"
"/construction/installateur-photovoltaique/","/construction/revetements-muraux/","métier vs métier","70.33","élevé"
"/construction/ventilation-climatisation/","/construction/peintre/","métier vs métier","70.24","élevé"
"/construction/terrassier/","/construction/revetements-de-sols/","métier vs métier","70.22","élevé"
"/construction/macon/","/construction/ravalement-facade/","métier vs métier","70.20","élevé"
"/construction/plafonneur/","/construction/auditeur-logement/","métier vs métier","70.13","élevé"
"/construction/ventilation-climatisation/","/construction/etancheite/","métier vs métier","70.13","élevé"
"/construction/revetements-muraux/","/construction/etancheite/","métier vs métier","70.12","élevé"
"/construction/menuisier/","/construction/auditeur-logement/","métier vs métier","70.02","élevé"
"/construction/macon/","/construction/auditeur-logement/","métier vs métier","69.99","acceptable"
"/construction/electricien/","/construction/revetements-de-sols/","métier vs métier","69.98","acceptable"
"/construction/menuisier/","/construction/ravalement-facade/","métier vs métier","69.77","acceptable"
"/construction/terrassier/","/construction/auditeur-logement/","métier vs métier","69.72","acceptable"
"/construction/couvreur/","/construction/securite-incendie/","métier vs métier","69.60","acceptable"
"/construction/couvreur/","/construction/auditeur-logement/","métier vs métier","69.48","acceptable"
"/construction/installateur-photovoltaique/","/construction/ravalement-facade/","métier vs métier","69.42","acceptable"
"/construction/serrurier-metallier/","/construction/auditeur-logement/","métier vs métier","69.08","acceptable"
"/construction/installateur-photovoltaique/","/construction/auditeur-logement/","métier vs métier","68.99","acceptable"
"/construction/etancheite/","/construction/auditeur-logement/","métier vs métier","68.88","acceptable"
"/construction/macon/","/construction/revetements-de-sols/","métier vs métier","68.86","acceptable"
"/construction/serrurier-metallier/","/construction/ravalement-facade/","métier vs métier","68.84","acceptable"
"/construction/plafonneur/","/construction/revetements-de-sols/","métier vs métier","68.83","acceptable"
"/construction/peintre/","/construction/auditeur-logement/","métier vs métier","68.55","acceptable"
"/construction/ventilation-climatisation/","/construction/securite-incendie/","métier vs métier","68.47","acceptable"
"/construction/revetements-de-sols/","/construction/peintre/","métier vs métier","68.39","acceptable"
"/construction/revetements-de-sols/","/construction/ravalement-facade/","métier vs métier","68.36","acceptable"
"/construction/menuisier/","/construction/revetements-de-sols/","métier vs métier","68.31","acceptable"
"/construction/securite-incendie/","/construction/ingenieur-civil/","métier vs métier","68.16","acceptable"
"/construction/isolation/","/construction/revetements-muraux/","métier vs métier","68.13","acceptable"
"/construction/installateur-photovoltaique/","/construction/revetements-de-sols/","métier vs métier","68.12","acceptable"
"/construction/revetements-muraux/","/construction/ingenieur-civil/","métier vs métier","68.00","acceptable"
"/construction/revetements-muraux/","/construction/ravalement-facade/","métier vs métier","67.78","acceptable"
"/construction/ventilation-climatisation/","/construction/revetements-muraux/","métier vs métier","67.76","acceptable"
"/construction/isolation/","/construction/ravalement-facade/","métier vs métier","67.64","acceptable"
"/construction/isolation/","/construction/ingenieur-civil/","métier vs métier","67.62","acceptable"
"/construction/ravalement-facade/","/construction/ingenieur-civil/","métier vs métier","67.62","acceptable"
"/construction/serrurier-metallier/","/construction/revetements-de-sols/","métier vs métier","67.49","acceptable"
"/construction/revetements-muraux/","/construction/securite-incendie/","métier vs métier","67.35","acceptable"
"/construction/ventilation-climatisation/","/construction/ingenieur-civil/","métier vs métier","67.15","acceptable"
"/construction/ventilation-climatisation/","/construction/isolation/","métier vs métier","66.92","acceptable"
"/construction/auditeur-logement/","/construction/ingenieur-civil/","métier vs métier","66.81","acceptable"
"/construction/revetements-de-sols/","/construction/etancheite/","métier vs métier","66.80","acceptable"
"/construction/isolation/","/construction/securite-incendie/","métier vs métier","66.74","acceptable"
"/construction/ventilation-climatisation/","/construction/ravalement-facade/","métier vs métier","66.67","acceptable"
"/construction/revetements-muraux/","/construction/auditeur-logement/","métier vs métier","66.19","acceptable"
"/construction/ravalement-facade/","/construction/securite-incendie/","métier vs métier","66.15","acceptable"
"/construction/revetements-de-sols/","/construction/ingenieur-civil/","métier vs métier","65.72","acceptable"
"/construction/isolation/","/construction/auditeur-logement/","métier vs métier","65.60","acceptable"
"/construction/ventilation-climatisation/","/construction/auditeur-logement/","métier vs métier","65.59","acceptable"
"/construction/securite-incendie/","/construction/auditeur-logement/","métier vs métier","65.56","acceptable"
"/construction/ravalement-facade/","/construction/auditeur-logement/","métier vs métier","65.52","acceptable"
"/construction/ventilation-climatisation/","/construction/revetements-de-sols/","métier vs métier","65.12","acceptable"
"/construction/revetements-de-sols/","/construction/auditeur-logement/","métier vs métier","65.00","acceptable"
"/construction/isolation/","/construction/revetements-de-sols/","métier vs métier","64.89","acceptable"
"/construction/revetements-de-sols/","/construction/securite-incendie/","métier vs métier","64.71","acceptable"
"/construction/electricien/","/construction/electricien/bruxelles/","métier vs combinaison","57.88","acceptable"
"/construction/plombier/","/construction/plombier/bruxelles/","métier vs combinaison","57.48","acceptable"
"/construction/chauffagiste/","/construction/chauffagiste/liege/","métier vs combinaison","56.68","acceptable"
"/construction/bruxelles/","/construction/plombier/bruxelles/","ville vs combinaison","56.64","acceptable"
"/construction/liege/","/construction/chauffagiste/liege/","ville vs combinaison","56.54","acceptable"
"/construction/bruxelles/","/construction/electricien/bruxelles/","ville vs combinaison","56.33","acceptable"
"/construction/mons/","/construction/chauffagiste/liege/","ville vs combinaison","47.20","faible"
"/construction/mons/","/construction/plombier/bruxelles/","ville vs combinaison","47.03","faible"
"/construction/mons/","/construction/electricien/bruxelles/","ville vs combinaison","46.75","faible"
"/construction/charleroi/","/construction/plombier/bruxelles/","ville vs combinaison","46.31","faible"
"/construction/namur/","/construction/plombier/bruxelles/","ville vs combinaison","46.21","faible"
"/construction/gand/","/construction/chauffagiste/liege/","ville vs combinaison","46.19","faible"
"/construction/gand/","/construction/plombier/bruxelles/","ville vs combinaison","46.03","faible"
"/construction/charleroi/","/construction/chauffagiste/liege/","ville vs combinaison","45.72","faible"
"/construction/gand/","/construction/electricien/bruxelles/","ville vs combinaison","45.68","faible"
"/construction/namur/","/construction/chauffagiste/liege/","ville vs combinaison","45.60","faible"
"/construction/namur/","/construction/electricien/bruxelles/","ville vs combinaison","45.57","faible"
"/construction/bruxelles/","/construction/chauffagiste/liege/","ville vs combinaison","45.44","faible"
"/construction/liege/","/construction/electricien/bruxelles/","ville vs combinaison","45.39","faible"
"/construction/liege/","/construction/plombier/bruxelles/","ville vs combinaison","45.39","faible"
"/construction/malines/","/construction/plombier/bruxelles/","ville vs combinaison","45.32","faible"
"/construction/charleroi/","/construction/electricien/bruxelles/","ville vs combinaison","45.24","faible"
"/construction/bruges/","/construction/chauffagiste/liege/","ville vs combinaison","45.12","faible"
"/construction/plombier/","/construction/electricien/bruxelles/","métier vs combinaison","44.85","faible"
"/construction/bruges/","/construction/plombier/bruxelles/","ville vs combinaison","44.73","faible"
"/construction/malines/","/construction/chauffagiste/liege/","ville vs combinaison","44.70","faible"
"/construction/malines/","/construction/electricien/bruxelles/","ville vs combinaison","44.53","faible"
"/construction/electricien/","/construction/plombier/bruxelles/","métier vs combinaison","44.49","faible"
"/construction/pisciniste/","/construction/electricien/bruxelles/","métier vs combinaison","44.38","faible"
"/construction/louvain/","/construction/plombier/bruxelles/","ville vs combinaison","44.19","faible"
"/construction/","/construction/mons/","national vs ville","44.18","faible"
"/construction/bruges/","/construction/electricien/bruxelles/","ville vs combinaison","44.17","faible"
"/construction/pisciniste/","/construction/plombier/bruxelles/","métier vs combinaison","43.89","faible"
"/construction/plombier/","/construction/chauffagiste/liege/","métier vs combinaison","43.80","faible"
"/construction/electricien/","/construction/chauffagiste/liege/","métier vs combinaison","43.76","faible"
"/construction/pisciniste/","/construction/chauffagiste/liege/","métier vs combinaison","43.70","faible"
"/construction/","/construction/malines/","national vs ville","43.63","faible"
"/construction/louvain/","/construction/chauffagiste/liege/","ville vs combinaison","43.60","faible"
"/construction/louvain/","/construction/electricien/bruxelles/","ville vs combinaison","43.53","faible"
"/construction/","/construction/bruxelles/","national vs ville","43.47","faible"
"/construction/pisciniste/","/construction/mons/","métier vs ville","43.24","faible"
"/construction/chauffagiste/","/construction/electricien/bruxelles/","métier vs combinaison","43.17","faible"
"/construction/chauffagiste/","/construction/plombier/bruxelles/","métier vs combinaison","43.13","faible"
"/construction/installateur-photovoltaique/","/construction/electricien/bruxelles/","métier vs combinaison","43.12","faible"
"/construction/couvreur/","/construction/plombier/bruxelles/","métier vs combinaison","43.03","faible"
"/construction/terrassier/","/construction/electricien/bruxelles/","métier vs combinaison","42.99","faible"
"/construction/","/construction/gand/","national vs ville","42.97","faible"
"/construction/anvers/","/construction/plombier/bruxelles/","ville vs combinaison","42.97","faible"
"/construction/anvers/","/construction/electricien/bruxelles/","ville vs combinaison","42.84","faible"
"/construction/","/construction/liege/","national vs ville","42.79","faible"
"/construction/","/construction/charleroi/","national vs ville","42.77","faible"
"/construction/installateur-photovoltaique/","/construction/chauffagiste/liege/","métier vs combinaison","42.65","faible"
"/construction/architecte/","/construction/electricien/bruxelles/","métier vs combinaison","42.62","faible"
"/construction/","/construction/namur/","national vs ville","42.49","faible"
"/construction/ravalement-facade/","/construction/mons/","métier vs ville","42.45","faible"
"/construction/terrassier/","/construction/chauffagiste/liege/","métier vs combinaison","42.32","faible"
"/construction/peintre/","/construction/electricien/bruxelles/","métier vs combinaison","42.22","faible"
"/construction/couvreur/","/construction/electricien/bruxelles/","métier vs combinaison","42.16","faible"
"/construction/terrassier/","/construction/mons/","métier vs ville","42.15","faible"
"/construction/architecte/","/construction/chauffagiste/liege/","métier vs combinaison","42.13","faible"
"/construction/plombier/","/construction/namur/","métier vs ville","42.04","faible"
"/construction/anvers/","/construction/chauffagiste/liege/","ville vs combinaison","42.03","faible"
"/construction/architecte/","/construction/mons/","métier vs ville","41.98","faible"
"/construction/plombier/","/construction/mons/","métier vs ville","41.96","faible"
"/construction/installateur-photovoltaique/","/construction/plombier/bruxelles/","métier vs combinaison","41.95","faible"
"/construction/menuisier/","/construction/chauffagiste/liege/","métier vs combinaison","41.94","faible"
"/construction/carreleur/","/construction/electricien/bruxelles/","métier vs combinaison","41.93","faible"
"/construction/carreleur/","/construction/chauffagiste/liege/","métier vs combinaison","41.91","faible"
"/construction/terrassier/","/construction/plombier/bruxelles/","métier vs combinaison","41.89","faible"
"/construction/architecte/","/construction/plombier/bruxelles/","métier vs combinaison","41.81","faible"
"/construction/","/construction/electricien/bruxelles/","national vs combinaison","41.77","faible"
"/construction/carreleur/","/construction/mons/","métier vs ville","41.75","faible"
"/construction/pisciniste/","/construction/gand/","métier vs ville","41.74","faible"
"/construction/plombier/","/construction/gand/","métier vs ville","41.66","faible"
"/construction/peintre/","/construction/plombier/bruxelles/","métier vs combinaison","41.64","faible"
"/construction/","/construction/pisciniste/","national vs métier","41.63","faible"
"/construction/peintre/","/construction/chauffagiste/liege/","métier vs combinaison","41.63","faible"
"/construction/serrurier-metallier/","/construction/mons/","métier vs ville","41.61","faible"
"/construction/carreleur/","/construction/plombier/bruxelles/","métier vs combinaison","41.59","faible"
"/construction/chauffagiste/","/construction/mons/","métier vs ville","41.59","faible"
"/construction/","/construction/louvain/","national vs ville","41.55","faible"
"/construction/menuisier/","/construction/electricien/bruxelles/","métier vs combinaison","41.54","faible"
"/construction/","/construction/plombier/bruxelles/","national vs combinaison","41.46","faible"
"/construction/macon/","/construction/electricien/bruxelles/","métier vs combinaison","41.46","faible"
"/construction/plafonneur/","/construction/electricien/bruxelles/","métier vs combinaison","41.43","faible"
"/construction/couvreur/","/construction/namur/","métier vs ville","41.37","faible"
"/construction/peintre/","/construction/mons/","métier vs ville","41.32","faible"
"/construction/couvreur/","/construction/chauffagiste/liege/","métier vs combinaison","41.27","faible"
"/construction/pisciniste/","/construction/namur/","métier vs ville","41.27","faible"
"/construction/plafonneur/","/construction/mons/","métier vs ville","41.18","faible"
"/construction/installateur-photovoltaique/","/construction/namur/","métier vs ville","41.09","faible"
"/construction/macon/","/construction/chauffagiste/liege/","métier vs combinaison","41.09","faible"
"/construction/terrassier/","/construction/namur/","métier vs ville","41.07","faible"
"/construction/electricien/","/construction/mons/","métier vs ville","41.06","faible"
"/construction/pisciniste/","/construction/bruxelles/","métier vs ville","41.03","faible"
"/construction/chauffagiste/","/construction/liege/","métier vs ville","41.01","faible"
"/construction/serrurier-metallier/","/construction/electricien/bruxelles/","métier vs combinaison","40.99","faible"
"/construction/","/construction/plafonneur/","national vs métier","40.98","faible"
"/construction/pisciniste/","/construction/malines/","métier vs ville","40.98","faible"
"/construction/installateur-photovoltaique/","/construction/mons/","métier vs ville","40.95","faible"
"/construction/electricien/","/construction/namur/","métier vs ville","40.91","faible"
"/construction/couvreur/","/construction/mons/","métier vs ville","40.89","faible"
"/construction/etancheite/","/construction/electricien/bruxelles/","métier vs combinaison","40.89","faible"
"/construction/carreleur/","/construction/namur/","métier vs ville","40.88","faible"
"/construction/pisciniste/","/construction/liege/","métier vs ville","40.88","faible"
"/construction/plombier/","/construction/bruxelles/","métier vs ville","40.84","faible"
"/construction/terrassier/","/construction/malines/","métier vs ville","40.82","faible"
"/construction/couvreur/","/construction/gand/","métier vs ville","40.79","faible"
"/construction/electricien/","/construction/gand/","métier vs ville","40.79","faible"
"/construction/macon/","/construction/mons/","métier vs ville","40.78","faible"
"/construction/serrurier-metallier/","/construction/chauffagiste/liege/","métier vs combinaison","40.77","faible"
"/construction/architecte/","/construction/namur/","métier vs ville","40.76","faible"
"/construction/macon/","/construction/plombier/bruxelles/","métier vs combinaison","40.76","faible"
"/construction/ventilation-climatisation/","/construction/chauffagiste/liege/","métier vs combinaison","40.75","faible"
"/construction/carreleur/","/construction/gand/","métier vs ville","40.74","faible"
"/construction/menuisier/","/construction/plombier/bruxelles/","métier vs combinaison","40.74","faible"
"/construction/chauffagiste/","/construction/namur/","métier vs ville","40.72","faible"
"/construction/chauffagiste/","/construction/gand/","métier vs ville","40.69","faible"
"/construction/plafonneur/","/construction/chauffagiste/liege/","métier vs combinaison","40.65","faible"
"/construction/terrassier/","/construction/liege/","métier vs ville","40.64","faible"
"/construction/terrassier/","/construction/gand/","métier vs ville","40.59","faible"
"/construction/revetements-de-sols/","/construction/plombier/bruxelles/","métier vs combinaison","40.56","faible"
"/construction/menuisier/","/construction/namur/","métier vs ville","40.55","faible"
"/construction/","/construction/architecte/","national vs métier","40.50","faible"
"/construction/plombier/","/construction/liege/","métier vs ville","40.50","faible"
"/construction/plafonneur/","/construction/plombier/bruxelles/","métier vs combinaison","40.48","faible"
"/construction/architecte/","/construction/gand/","métier vs ville","40.47","faible"
"/construction/architecte/","/construction/malines/","métier vs ville","40.47","faible"
"/construction/installateur-photovoltaique/","/construction/gand/","métier vs ville","40.47","faible"
"/construction/plombier/","/construction/charleroi/","métier vs ville","40.47","faible"
"/construction/serrurier-metallier/","/construction/namur/","métier vs ville","40.46","faible"
"/construction/ventilation-climatisation/","/construction/electricien/bruxelles/","métier vs combinaison","40.45","faible"
"/construction/electricien/","/construction/bruxelles/","métier vs ville","40.43","faible"
"/construction/","/construction/terrassier/","national vs métier","40.40","faible"
"/construction/serrurier-metallier/","/construction/plombier/bruxelles/","métier vs combinaison","40.40","faible"
"/construction/","/construction/anvers/","national vs ville","40.31","faible"
"/construction/etancheite/","/construction/chauffagiste/liege/","métier vs combinaison","40.31","faible"
"/construction/serrurier-metallier/","/construction/malines/","métier vs ville","40.30","faible"
"/construction/","/construction/bruges/","national vs ville","40.24","faible"
"/construction/","/construction/chauffagiste/liege/","national vs combinaison","40.24","faible"
"/construction/plombier/","/construction/malines/","métier vs ville","40.24","faible"
"/construction/plombier/","/construction/bruges/","métier vs ville","40.23","faible"
"/construction/terrassier/","/construction/bruxelles/","métier vs ville","40.20","faible"
"/construction/electricien/","/construction/liege/","métier vs ville","40.17","faible"
"/construction/pisciniste/","/construction/charleroi/","métier vs ville","40.17","faible"
"/construction/carreleur/","/construction/bruges/","métier vs ville","40.16","faible"
"/construction/revetements-de-sols/","/construction/mons/","métier vs ville","40.16","faible"
"/construction/terrassier/","/construction/bruges/","métier vs ville","40.16","faible"
"/construction/macon/","/construction/gand/","métier vs ville","40.15","faible"
"/construction/revetements-muraux/","/construction/electricien/bruxelles/","métier vs combinaison","40.15","faible"
"/construction/pisciniste/","/construction/bruges/","métier vs ville","40.12","faible"
"/construction/etancheite/","/construction/plombier/bruxelles/","métier vs combinaison","40.07","faible"
"/construction/menuisier/","/construction/mons/","métier vs ville","40.04","faible"
"/construction/securite-incendie/","/construction/electricien/bruxelles/","métier vs combinaison","40.03","faible"
"/construction/carreleur/","/construction/liege/","métier vs ville","40.02","faible"
"/construction/macon/","/construction/namur/","métier vs ville","40.00","faible"
"/construction/auditeur-logement/","/construction/electricien/bruxelles/","métier vs combinaison","39.99","faible"
"/construction/securite-incendie/","/construction/chauffagiste/liege/","métier vs combinaison","39.99","faible"
"/construction/","/construction/macon/","national vs métier","39.93","faible"
"/construction/ventilation-climatisation/","/construction/plombier/bruxelles/","métier vs combinaison","39.90","faible"
"/construction/revetements-de-sols/","/construction/electricien/bruxelles/","métier vs combinaison","39.89","faible"
"/construction/auditeur-logement/","/construction/plombier/bruxelles/","métier vs combinaison","39.88","faible"
"/construction/menuisier/","/construction/gand/","métier vs ville","39.88","faible"
"/construction/peintre/","/construction/liege/","métier vs ville","39.88","faible"
"/construction/revetements-muraux/","/construction/chauffagiste/liege/","métier vs combinaison","39.87","faible"
"/construction/revetements-muraux/","/construction/mons/","métier vs ville","39.84","faible"
"/construction/carreleur/","/construction/malines/","métier vs ville","39.83","faible"
"/construction/architecte/","/construction/bruxelles/","métier vs ville","39.82","faible"
"/construction/chauffagiste/","/construction/bruxelles/","métier vs ville","39.75","faible"
"/construction/chauffagiste/","/construction/malines/","métier vs ville","39.74","faible"
"/construction/revetements-de-sols/","/construction/chauffagiste/liege/","métier vs combinaison","39.73","faible"
"/construction/peintre/","/construction/malines/","métier vs ville","39.70","faible"
"/construction/peintre/","/construction/gand/","métier vs ville","39.69","faible"
"/construction/installateur-photovoltaique/","/construction/bruxelles/","métier vs ville","39.68","faible"
"/construction/macon/","/construction/malines/","métier vs ville","39.67","faible"
"/construction/pisciniste/","/construction/louvain/","métier vs ville","39.66","faible"
"/construction/ravalement-facade/","/construction/chauffagiste/liege/","métier vs combinaison","39.64","faible"
"/construction/serrurier-metallier/","/construction/gand/","métier vs ville","39.64","faible"
"/construction/macon/","/construction/bruges/","métier vs ville","39.62","faible"
"/construction/ravalement-facade/","/construction/plombier/bruxelles/","métier vs combinaison","39.62","faible"
"/construction/architecte/","/construction/liege/","métier vs ville","39.61","faible"
"/construction/serrurier-metallier/","/construction/bruxelles/","métier vs ville","39.61","faible"
"/construction/serrurier-metallier/","/construction/liege/","métier vs ville","39.60","faible"
"/construction/macon/","/construction/bruxelles/","métier vs ville","39.59","faible"
"/construction/","/construction/serrurier-metallier/","national vs métier","39.58","faible"
"/construction/plafonneur/","/construction/namur/","métier vs ville","39.57","faible"
"/construction/revetements-muraux/","/construction/plombier/bruxelles/","métier vs combinaison","39.56","faible"
"/construction/plombier/","/construction/louvain/","métier vs ville","39.55","faible"
"/construction/auditeur-logement/","/construction/chauffagiste/liege/","métier vs combinaison","39.52","faible"
"/construction/carreleur/","/construction/bruxelles/","métier vs ville","39.51","faible"
"/construction/macon/","/construction/charleroi/","métier vs ville","39.50","faible"
"/construction/architecte/","/construction/bruges/","métier vs ville","39.49","faible"
"/construction/isolation/","/construction/gand/","métier vs ville","39.46","faible"
"/construction/menuisier/","/construction/liege/","métier vs ville","39.45","faible"
"/construction/peintre/","/construction/namur/","métier vs ville","39.45","faible"
"/construction/installateur-photovoltaique/","/construction/malines/","métier vs ville","39.36","faible"
"/construction/ravalement-facade/","/construction/electricien/bruxelles/","métier vs combinaison","39.32","faible"
"/construction/installateur-photovoltaique/","/construction/bruges/","métier vs ville","39.31","faible"
"/construction/chauffagiste/","/construction/charleroi/","métier vs ville","39.28","faible"
"/construction/","/construction/chauffagiste/","national vs métier","39.27","faible"
"/construction/couvreur/","/construction/bruxelles/","métier vs ville","39.27","faible"
"/construction/couvreur/","/construction/charleroi/","métier vs ville","39.27","faible"
"/construction/peintre/","/construction/bruges/","métier vs ville","39.27","faible"
"/construction/ravalement-facade/","/construction/namur/","métier vs ville","39.25","faible"
"/construction/isolation/","/construction/mons/","métier vs ville","39.20","faible"
"/construction/couvreur/","/construction/bruges/","métier vs ville","39.17","faible"
"/construction/electricien/","/construction/bruges/","métier vs ville","39.17","faible"
"/construction/terrassier/","/construction/charleroi/","métier vs ville","39.17","faible"
"/construction/","/construction/electricien/","national vs métier","39.15","faible"
"/construction/","/construction/plombier/","national vs métier","39.15","faible"
"/construction/etancheite/","/construction/namur/","métier vs ville","39.15","faible"
"/construction/ingenieur-civil/","/construction/chauffagiste/liege/","métier vs combinaison","39.14","faible"
"/construction/installateur-photovoltaique/","/construction/liege/","métier vs ville","39.14","faible"
"/construction/macon/","/construction/liege/","métier vs ville","39.11","faible"
"/construction/menuisier/","/construction/malines/","métier vs ville","39.09","faible"
"/construction/etancheite/","/construction/mons/","métier vs ville","39.08","faible"
"/construction/menuisier/","/construction/bruges/","métier vs ville","39.08","faible"
"/construction/chauffagiste/","/construction/bruges/","métier vs ville","39.07","faible"
"/construction/electricien/","/construction/malines/","métier vs ville","39.07","faible"
"/construction/ingenieur-civil/","/construction/electricien/bruxelles/","métier vs combinaison","39.07","faible"
"/construction/","/construction/menuisier/","national vs métier","39.06","faible"
"/construction/revetements-de-sols/","/construction/gand/","métier vs ville","39.06","faible"
"/construction/plafonneur/","/construction/malines/","métier vs ville","39.04","faible"
"/construction/ravalement-facade/","/construction/gand/","métier vs ville","39.03","faible"
"/construction/isolation/","/construction/electricien/bruxelles/","métier vs combinaison","39.00","faible"
"/construction/revetements-de-sols/","/construction/namur/","métier vs ville","38.98","faible"
"/construction/serrurier-metallier/","/construction/bruges/","métier vs ville","38.98","faible"
"/construction/ventilation-climatisation/","/construction/mons/","métier vs ville","38.98","faible"
"/construction/revetements-de-sols/","/construction/liege/","métier vs ville","38.96","faible"
"/construction/carreleur/","/construction/charleroi/","métier vs ville","38.94","faible"
"/construction/ingenieur-civil/","/construction/mons/","métier vs ville","38.90","faible"
"/construction/","/construction/carreleur/","national vs métier","38.89","faible"
"/construction/plafonneur/","/construction/liege/","métier vs ville","38.86","faible"
"/construction/isolation/","/construction/namur/","métier vs ville","38.84","faible"
"/construction/ventilation-climatisation/","/construction/gand/","métier vs ville","38.81","faible"
"/construction/installateur-photovoltaique/","/construction/charleroi/","métier vs ville","38.80","faible"
"/construction/securite-incendie/","/construction/plombier/bruxelles/","métier vs combinaison","38.77","faible"
"/construction/couvreur/","/construction/liege/","métier vs ville","38.76","faible"
"/construction/","/construction/peintre/","national vs métier","38.75","faible"
"/construction/plafonneur/","/construction/gand/","métier vs ville","38.74","faible"
"/construction/architecte/","/construction/charleroi/","métier vs ville","38.72","faible"
"/construction/auditeur-logement/","/construction/mons/","métier vs ville","38.69","faible"
"/construction/peintre/","/construction/bruxelles/","métier vs ville","38.69","faible"
"/construction/couvreur/","/construction/malines/","métier vs ville","38.67","faible"
"/construction/ravalement-facade/","/construction/charleroi/","métier vs ville","38.67","faible"
"/construction/revetements-muraux/","/construction/gand/","métier vs ville","38.67","faible"
"/construction/electricien/","/construction/charleroi/","métier vs ville","38.65","faible"
"/construction/isolation/","/construction/chauffagiste/liege/","métier vs combinaison","38.63","faible"
"/construction/plafonneur/","/construction/bruxelles/","métier vs ville","38.63","faible"
"/construction/electricien/","/construction/louvain/","métier vs ville","38.56","faible"
"/construction/ravalement-facade/","/construction/bruxelles/","métier vs ville","38.54","faible"
"/construction/etancheite/","/construction/liege/","métier vs ville","38.48","faible"
"/construction/isolation/","/construction/charleroi/","métier vs ville","38.46","faible"
"/construction/menuisier/","/construction/bruxelles/","métier vs ville","38.46","faible"
"/construction/ravalement-facade/","/construction/bruges/","métier vs ville","38.45","faible"
"/construction/revetements-de-sols/","/construction/bruges/","métier vs ville","38.45","faible"
"/construction/plombier/","/construction/anvers/","métier vs ville","38.44","faible"
"/construction/carreleur/","/construction/louvain/","métier vs ville","38.43","faible"
"/construction/architecte/","/construction/louvain/","métier vs ville","38.42","faible"
"/construction/isolation/","/construction/plombier/bruxelles/","métier vs combinaison","38.41","faible"
"/construction/revetements-de-sols/","/construction/bruxelles/","métier vs ville","38.40","faible"
"/construction/peintre/","/construction/charleroi/","métier vs ville","38.39","faible"
"/construction/revetements-de-sols/","/construction/charleroi/","métier vs ville","38.39","faible"
"/construction/revetements-muraux/","/construction/namur/","métier vs ville","38.38","faible"
"/construction/etancheite/","/construction/gand/","métier vs ville","38.37","faible"
"/construction/ravalement-facade/","/construction/liege/","métier vs ville","38.32","faible"
"/construction/pisciniste/","/construction/anvers/","métier vs ville","38.26","faible"
"/construction/revetements-de-sols/","/construction/malines/","métier vs ville","38.26","faible"
"/construction/couvreur/","/construction/louvain/","métier vs ville","38.25","faible"
"/construction/ravalement-facade/","/construction/malines/","métier vs ville","38.23","faible"
"/construction/ingenieur-civil/","/construction/plombier/bruxelles/","métier vs combinaison","38.22","faible"
"/construction/terrassier/","/construction/louvain/","métier vs ville","38.19","faible"
"/construction/serrurier-metallier/","/construction/charleroi/","métier vs ville","38.17","faible"
"/construction/","/construction/isolation/","national vs métier","38.14","faible"
"/construction/chauffagiste/","/construction/louvain/","métier vs ville","38.12","faible"
"/construction/installateur-photovoltaique/","/construction/louvain/","métier vs ville","38.11","faible"
"/construction/","/construction/etancheite/","national vs métier","38.10","faible"
"/construction/securite-incendie/","/construction/mons/","métier vs ville","38.09","faible"
"/construction/revetements-muraux/","/construction/malines/","métier vs ville","38.08","faible"
"/construction/ventilation-climatisation/","/construction/namur/","métier vs ville","38.07","faible"
"/construction/electricien/","/construction/anvers/","métier vs ville","38.06","faible"
"/construction/","/construction/auditeur-logement/","national vs métier","38.03","faible"
"/construction/auditeur-logement/","/construction/gand/","métier vs ville","37.97","faible"
"/construction/isolation/","/construction/malines/","métier vs ville","37.96","faible"
"/construction/securite-incendie/","/construction/gand/","métier vs ville","37.91","faible"
"/construction/isolation/","/construction/liege/","métier vs ville","37.90","faible"
"/construction/couvreur/","/construction/anvers/","métier vs ville","37.86","faible"
"/construction/","/construction/installateur-photovoltaique/","national vs métier","37.85","faible"
"/construction/installateur-photovoltaique/","/construction/anvers/","métier vs ville","37.84","faible"
"/construction/etancheite/","/construction/malines/","métier vs ville","37.78","faible"
"/construction/revetements-muraux/","/construction/liege/","métier vs ville","37.75","faible"
"/construction/ingenieur-civil/","/construction/gand/","métier vs ville","37.72","faible"
"/construction/","/construction/revetements-muraux/","national vs métier","37.70","faible"
"/construction/ingenieur-civil/","/construction/namur/","métier vs ville","37.70","faible"
"/construction/macon/","/construction/louvain/","métier vs ville","37.69","faible"
"/construction/auditeur-logement/","/construction/namur/","métier vs ville","37.68","faible"
"/construction/serrurier-metallier/","/construction/louvain/","métier vs ville","37.66","faible"
"/construction/plafonneur/","/construction/bruges/","métier vs ville","37.64","faible"
"/construction/","/construction/couvreur/","national vs métier","37.61","faible"
"/construction/carreleur/","/construction/anvers/","métier vs ville","37.61","faible"
"/construction/auditeur-logement/","/construction/bruxelles/","métier vs ville","37.59","faible"
"/construction/etancheite/","/construction/bruxelles/","métier vs ville","37.59","faible"
"/construction/revetements-muraux/","/construction/bruxelles/","métier vs ville","37.59","faible"
"/construction/menuisier/","/construction/anvers/","métier vs ville","37.58","faible"
"/construction/revetements-muraux/","/construction/bruges/","métier vs ville","37.54","faible"
"/construction/isolation/","/construction/bruges/","métier vs ville","37.52","faible"
"/construction/serrurier-metallier/","/construction/anvers/","métier vs ville","37.52","faible"
"/construction/terrassier/","/construction/anvers/","métier vs ville","37.49","faible"
"/construction/etancheite/","/construction/bruges/","métier vs ville","37.40","faible"
"/construction/menuisier/","/construction/charleroi/","métier vs ville","37.40","faible"
"/construction/isolation/","/construction/bruxelles/","métier vs ville","37.38","faible"
"/construction/architecte/","/construction/anvers/","métier vs ville","37.33","faible"
"/construction/plafonneur/","/construction/charleroi/","métier vs ville","37.29","faible"
"/construction/","/construction/ventilation-climatisation/","national vs métier","37.27","faible"
"/construction/auditeur-logement/","/construction/charleroi/","métier vs ville","37.24","faible"
"/construction/","/construction/securite-incendie/","national vs métier","37.19","faible"
"/construction/ingenieur-civil/","/construction/malines/","métier vs ville","37.19","faible"
"/construction/auditeur-logement/","/construction/bruges/","métier vs ville","37.17","faible"
"/construction/securite-incendie/","/construction/namur/","métier vs ville","37.17","faible"
"/construction/revetements-muraux/","/construction/charleroi/","métier vs ville","37.15","faible"
"/construction/peintre/","/construction/louvain/","métier vs ville","37.14","faible"
"/construction/ventilation-climatisation/","/construction/bruges/","métier vs ville","37.14","faible"
"/construction/ventilation-climatisation/","/construction/liege/","métier vs ville","37.14","faible"
"/construction/ventilation-climatisation/","/construction/bruxelles/","métier vs ville","37.13","faible"
"/construction/auditeur-logement/","/construction/liege/","métier vs ville","37.10","faible"
"/construction/ventilation-climatisation/","/construction/malines/","métier vs ville","37.10","faible"
"/construction/macon/","/construction/anvers/","métier vs ville","37.07","faible"
"/construction/ravalement-facade/","/construction/louvain/","métier vs ville","37.06","faible"
"/construction/menuisier/","/construction/louvain/","métier vs ville","37.05","faible"
"/construction/ingenieur-civil/","/construction/liege/","métier vs ville","37.04","faible"
"/construction/plafonneur/","/construction/louvain/","métier vs ville","37.01","faible"
"/construction/auditeur-logement/","/construction/malines/","métier vs ville","36.97","faible"
"/construction/chauffagiste/","/construction/anvers/","métier vs ville","36.88","faible"
"/construction/revetements-de-sols/","/construction/louvain/","métier vs ville","36.84","faible"
"/construction/securite-incendie/","/construction/liege/","métier vs ville","36.82","faible"
"/construction/etancheite/","/construction/charleroi/","métier vs ville","36.76","faible"
"/construction/ingenieur-civil/","/construction/bruxelles/","métier vs ville","36.71","faible"
"/construction/isolation/","/construction/louvain/","métier vs ville","36.68","faible"
"/construction/etancheite/","/construction/louvain/","métier vs ville","36.67","faible"
"/construction/securite-incendie/","/construction/malines/","métier vs ville","36.64","faible"
"/construction/auditeur-logement/","/construction/louvain/","métier vs ville","36.56","faible"
"/construction/securite-incendie/","/construction/bruges/","métier vs ville","36.54","faible"
"/construction/peintre/","/construction/anvers/","métier vs ville","36.53","faible"
"/construction/ingenieur-civil/","/construction/bruges/","métier vs ville","36.45","faible"
"/construction/securite-incendie/","/construction/bruxelles/","métier vs ville","36.39","faible"
"/construction/ingenieur-civil/","/construction/louvain/","métier vs ville","36.38","faible"
"/construction/plafonneur/","/construction/anvers/","métier vs ville","36.38","faible"
"/construction/","/construction/ravalement-facade/","national vs métier","36.37","faible"
"/construction/etancheite/","/construction/anvers/","métier vs ville","36.34","faible"
"/construction/ventilation-climatisation/","/construction/charleroi/","métier vs ville","36.34","faible"
"/construction/","/construction/revetements-de-sols/","national vs métier","36.24","faible"
"/construction/","/construction/ingenieur-civil/","national vs métier","36.20","faible"
"/construction/revetements-muraux/","/construction/louvain/","métier vs ville","36.17","faible"
"/construction/ravalement-facade/","/construction/anvers/","métier vs ville","36.08","faible"
"/construction/ingenieur-civil/","/construction/charleroi/","métier vs ville","36.05","faible"
"/construction/ingenieur-civil/","/construction/anvers/","métier vs ville","35.98","faible"
"/construction/isolation/","/construction/anvers/","métier vs ville","35.83","faible"
"/construction/revetements-de-sols/","/construction/anvers/","métier vs ville","35.62","faible"
"/construction/ventilation-climatisation/","/construction/louvain/","métier vs ville","35.62","faible"
"/construction/auditeur-logement/","/construction/anvers/","métier vs ville","35.46","faible"
"/construction/securite-incendie/","/construction/charleroi/","métier vs ville","35.40","faible"
"/construction/revetements-muraux/","/construction/anvers/","métier vs ville","35.27","faible"
"/construction/securite-incendie/","/construction/louvain/","métier vs ville","34.97","faible"
"/construction/ventilation-climatisation/","/construction/anvers/","métier vs ville","34.96","faible"
"/construction/securite-incendie/","/construction/anvers/","métier vs ville","34.70","faible"
