"famille";"url";"indexable";"sitemap";"source";"règle_qualité"
"national";"https://indebel.be/construction/";"oui";"oui";"configuration";"page pilier"
"métier";"https://indebel.be/construction/plombier/";"oui";"oui";"metiers-seo.json";"type A/B + contenu spécifique"
"métier";"https://indebel.be/construction/carreleur/";"oui";"oui";"metiers-seo.json";"type A/B + contenu spécifique"
"métier";"https://indebel.be/construction/macon/";"oui";"oui";"metiers-seo.json";"type A/B + contenu spécifique"
"métier";"https://indebel.be/construction/couvreur/";"oui";"oui";"metiers-seo.json";"type A/B + contenu spécifique"
"métier";"https://indebel.be/construction/terrassier/";"oui";"oui";"metiers-seo.json";"type A/B + contenu spécifique"
"métier";"https://indebel.be/construction/installateur-photovoltaique/";"oui";"oui";"metiers-seo.json";"type A/B + contenu spécifique"
"métier";"https://indebel.be/construction/chauffagiste/";"oui";"oui";"metiers-seo.json";"type A/B + contenu spécifique"
"métier";"https://indebel.be/construction/electricien/";"oui";"oui";"metiers-seo.json";"type A/B + contenu spécifique"
"métier";"https://indebel.be/construction/ventilation-climatisation/";"oui";"oui";"metiers-seo.json";"type A/B + contenu spécifique"
"métier";"https://indebel.be/construction/plafonneur/";"oui";"oui";"metiers-seo.json";"type A/B + contenu spécifique"
"métier";"https://indebel.be/construction/isolation/";"oui";"oui";"metiers-seo.json";"type A/B + contenu spécifique"
"métier";"https://indebel.be/construction/menuisier/";"oui";"oui";"metiers-seo.json";"type A/B + contenu spécifique"
"métier";"https://indebel.be/construction/serrurier-metallier/";"oui";"oui";"metiers-seo.json";"type A/B + contenu spécifique"
"métier";"https://indebel.be/construction/revetements-de-sols/";"oui";"oui";"metiers-seo.json";"type A/B + contenu spécifique"
"métier";"https://indebel.be/construction/revetements-muraux/";"oui";"oui";"metiers-seo.json";"type A/B + contenu spécifique"
"métier";"https://indebel.be/construction/peintre/";"oui";"oui";"metiers-seo.json";"type A/B + contenu spécifique"
"métier";"https://indebel.be/construction/ravalement-facade/";"oui";"oui";"metiers-seo.json";"type A/B + contenu spécifique"
"métier";"https://indebel.be/construction/etancheite/";"oui";"oui";"metiers-seo.json";"type A/B + contenu spécifique"
"métier";"https://indebel.be/construction/securite-incendie/";"oui";"oui";"metiers-seo.json";"type A/B + contenu spécifique"
"métier";"https://indebel.be/construction/auditeur-logement/";"oui";"oui";"metiers-seo.json";"type A/B + contenu spécifique"
"métier";"https://indebel.be/construction/architecte/";"oui";"oui";"metiers-seo.json";"type A/B + contenu spécifique"
"métier";"https://indebel.be/construction/ingenieur-civil/";"oui";"oui";"metiers-seo.json";"type A/B + contenu spécifique"
"métier";"https://indebel.be/construction/pisciniste/";"oui";"oui";"metiers-seo.json";"type A/B + contenu spécifique"
"ville";"https://indebel.be/construction/anvers/";"oui";"oui";"localites-seo.json";"priorité 1/2 + contenu local + code NIS"
"ville";"https://indebel.be/construction/bruxelles/";"oui";"oui";"localites-seo.json";"priorité 1/2 + contenu local + code NIS"
"ville";"https://indebel.be/construction/charleroi/";"oui";"oui";"localites-seo.json";"priorité 1/2 + contenu local + code NIS"
"ville";"https://indebel.be/construction/gand/";"oui";"oui";"localites-seo.json";"priorité 1/2 + contenu local + code NIS"
"ville";"https://indebel.be/construction/liege/";"oui";"oui";"localites-seo.json";"priorité 1/2 + contenu local + code NIS"
"ville";"https://indebel.be/construction/mons/";"oui";"oui";"localites-seo.json";"priorité 1/2 + contenu local + code NIS"
"ville";"https://indebel.be/construction/namur/";"oui";"oui";"localites-seo.json";"priorité 1/2 + contenu local + code NIS"
"ville";"https://indebel.be/construction/bruges/";"oui";"oui";"localites-seo.json";"priorité 1/2 + contenu local + code NIS"
"ville";"https://indebel.be/construction/louvain/";"oui";"oui";"localites-seo.json";"priorité 1/2 + contenu local + code NIS"
"ville";"https://indebel.be/construction/malines/";"oui";"oui";"localites-seo.json";"priorité 1/2 + contenu local + code NIS"
"métier × ville";"https://indebel.be/construction/plombier/bruxelles/";"oui";"oui";"seo-thresholds.json";"allowlist contrôlée"
"métier × ville";"https://indebel.be/construction/electricien/bruxelles/";"oui";"oui";"seo-thresholds.json";"allowlist contrôlée"
"métier × ville";"https://indebel.be/construction/chauffagiste/liege/";"oui";"oui";"seo-thresholds.json";"allowlist contrôlée"
